"test01",74383,1,1,2016-02-26 15:18:08,2016-02-26 15:18:08
"test02",83774,2,2,2016-02-26 15:18:08,2016-02-26 15:18:08
"test03",28557,2,3,2016-02-26 15:18:08,2016-02-26 15:18:08
"test04",30443,3,4,2016-02-26 15:18:08,2016-02-26 15:18:08
"test05",29334,3,5,2016-02-26 15:18:08,2016-02-26 15:18:08
"test06",59112,3,6,2016-02-26 15:18:08,2016-02-26 15:18:08
"test07",34523,4,7,2016-02-26 15:18:08,2016-02-26 15:18:08
"test08",11123,4,8,2016-02-26 15:18:08,2016-02-26 15:18:08
"test09",59439,4,9,2016-02-26 15:18:08,2016-02-26 15:18:08
"test10",49458,4,10,2016-02-26 15:18:08,2016-02-26 15:18:08
